Name	Motif	Church	Roc-auc	P-value
Motif1 | alength= 4 w= 4 nsites= 12 E= 1.8e-001	TGCA (4)	0.000373078937545	0.000373078937546
Motif3 | alength= 4 w= 6 nsites= 5 E= 7.6e+001	TGaGAC (6)	0.0100303881195	0.00160828250006
Motif4 | alength= 4 w= 10 nsites= 3 E= 4.2e+001	TGTrGrwCCG (10)	0.0135929466202	2.78854932095e-06
